<ImportExportXml xmlns:xsi="http://www.w3.org/2001/XMLSchema-instance">
  <Entities></Entities>
  <Roles></Roles>
  <Workflows></Workflows>
  <FieldSecurityProfiles></FieldSecurityProfiles>
  <Templates />
  <EntityMaps />
  <EntityRelationships />
  <OrganizationSettings />
  <optionsets />
  <WebResources>
    <WebResource>
      <WebResourceId>{ef62573f-d28c-e711-8100-c4346bac4e40}</WebResourceId>
      <Name>min_testjs</Name>
      <DisplayName>testjs</DisplayName>
      <LanguageCode>1033</LanguageCode>
      <WebResourceType>3</WebResourceType>
      <IntroducedVersion>1.0.0.0</IntroducedVersion>
      <IsEnabledForMobileClient>0</IsEnabledForMobileClient>
      <IsAvailableForMobileOffline>0</IsAvailableForMobileOffline>
      <DependencyXml>&lt;Dependencies&gt;&lt;Dependency componentType="WebResource"/&gt;&lt;/Dependencies&gt;</DependencyXml>
      <IsCustomizable>1</IsCustomizable>
      <CanBeDeleted>1</CanBeDeleted>
      <IsHidden>0</IsHidden>
      <FileName>/WebResources/min_testjsEF62573F-D28C-E711-8100-C4346BAC4E40</FileName>
    </WebResource>
  </WebResources>
  <SolutionPluginAssemblies>
    <PluginAssembly FullName="CRMPluginMinify, Version=1.0.0.0, Culture=neutral, PublicKeyToken=5f0e11f355ecea7b" CustomizationLevel="1">
      <IsolationMode>2</IsolationMode>
      <SourceType>0</SourceType>
      <IntroducedVersion>1.0</IntroducedVersion>
      <FileName>/PluginAssemblies/CRMPluginMinify-AB65E9BB-CFA9-4920-965D-AE6DB450BC0A/CRMPluginMinify.dll</FileName>
      <PluginTypes>
        <PluginType AssemblyQualifiedName="CRMPluginMinify.MinifyWebResource, CRMPluginMinify, Version=1.0.0.0, Culture=neutral, PublicKeyToken=5f0e11f355ecea7b" Name="CRMPluginMinify.MinifyWebResource">
          <FriendlyName>11350ed6-40f6-41bb-bb20-21c3a73eccea</FriendlyName>
        </PluginType>
      </PluginTypes>
    </PluginAssembly>
  </SolutionPluginAssemblies>
  <SdkMessageProcessingSteps>
    <SdkMessageProcessingStep Name="CRMPluginMinify.MinifyWebResource: Create of webresource" SdkMessageProcessingStepId="{2fc24294-ce8c-e711-80fe-c4346bacae18}">
      <PluginTypeName>CRMPluginMinify.MinifyWebResource, CRMPluginMinify, Version=1.0.0.0, Culture=neutral, PublicKeyToken=5f0e11f355ecea7b</PluginTypeName>
      <PrimaryEntity>webresource</PrimaryEntity>
      <AsyncAutoDelete>0</AsyncAutoDelete>
      <Configuration>&lt;configuration&gt;
&lt;enable&gt;true&lt;/enable&gt;
&lt;minifyjs&gt;true&lt;/minifyjs&gt;
&lt;minifycss&gt;true&lt;/minifycss&gt;
&lt;prefix&gt;new_;dev_;min_&lt;/prefix&gt;
&lt;/configuration&gt;</Configuration>
      <Description>CRMPluginMinify.MinifyWebResource: Create of webresource</Description>
      <FilteringAttributes></FilteringAttributes>
      <InvocationSource>1</InvocationSource>
      <Mode>0</Mode>
      <Rank>1</Rank>
      <SdkMessageId>{9ebdbb1b-ea3e-db11-86a7-000a3a5473e8}</SdkMessageId>
      <EventHandlerTypeCode>4602</EventHandlerTypeCode>
      <Stage>20</Stage>
      <IsCustomizable>1</IsCustomizable>
      <IsHidden>0</IsHidden>
      <SupportedDeployment>0</SupportedDeployment>
      <IntroducedVersion>1.0</IntroducedVersion>
      <SdkMessageProcessingStepImages />
    </SdkMessageProcessingStep>
    <SdkMessageProcessingStep Name="CRMPluginMinify.MinifyWebResource: Update of webresource" SdkMessageProcessingStepId="{467291a4-ce8c-e711-80fe-c4346bacae18}">
      <PluginTypeName>CRMPluginMinify.MinifyWebResource, CRMPluginMinify, Version=1.0.0.0, Culture=neutral, PublicKeyToken=5f0e11f355ecea7b</PluginTypeName>
      <PrimaryEntity>webresource</PrimaryEntity>
      <AsyncAutoDelete>0</AsyncAutoDelete>
      <Configuration>&lt;configuration&gt;
&lt;enable&gt;true&lt;/enable&gt;
&lt;minifyjs&gt;true&lt;/minifyjs&gt;
&lt;minifycss&gt;true&lt;/minifycss&gt;
&lt;prefix&gt;new_;dev_;min_&lt;/prefix&gt;
&lt;/configuration&gt;</Configuration>
      <Description>CRMPluginMinify.MinifyWebResource: Update of webresource</Description>
      <FilteringAttributes>content</FilteringAttributes>
      <InvocationSource>1</InvocationSource>
      <Mode>0</Mode>
      <Rank>1</Rank>
      <SdkMessageId>{20bebb1b-ea3e-db11-86a7-000a3a5473e8}</SdkMessageId>
      <EventHandlerTypeCode>4602</EventHandlerTypeCode>
      <Stage>20</Stage>
      <IsCustomizable>1</IsCustomizable>
      <IsHidden>0</IsHidden>
      <SupportedDeployment>0</SupportedDeployment>
      <IntroducedVersion>1.0</IntroducedVersion>
      <SdkMessageProcessingStepImages>
        <SdkMessageProcessingStepImage Name="PreImage">
          <SdkMessageProcessingStepImageId>{38102c0f-d593-e711-8100-c4346bacae18}</SdkMessageProcessingStepImageId>
          <Attributes>name,webresourcetype</Attributes>
          <EntityAlias>PreImage</EntityAlias>
          <ImageType>0</ImageType>
          <MessagePropertyName>Target</MessagePropertyName>
          <IsCustomizable>1</IsCustomizable>
        </SdkMessageProcessingStepImage>
      </SdkMessageProcessingStepImages>
    </SdkMessageProcessingStep>
  </SdkMessageProcessingSteps>
  <Languages>
    <Language>1033</Language>
  </Languages>
</ImportExportXml>